Megnevezés	1 Törvény szerinti illetmények munkabérek K1101 	2 Normatív jutalmak K1102 	3 Céljuttatás projektprémium K1103 	4 Készenléti ügyeleti helyettesítési díj túlóra túlszolgálat K1104 	5 Végkielégítés K1105 	6 Jubileumi jutalom K1106 	7 Béren kívüli juttatások K1107 	8 Ruházati költségtérítés K1108 	9 Közlekedési költségtérítés K1109 	10 Egyéb költségtérítések K1110 	11 Lakhatási támogatások K1111 	12 Szociális támogatások K1112 	13 Foglalkoztatottak egyéb személyi juttatásai 14 K1113 	16 Választott tisztségviselők juttatásai K121 	17 Munkavégzésre irányuló egyéb jogviszonyban nem saját foglalkoztatottnak fizetett juttatások K122 	18 Egyéb külső személyi juttatások K123 	22 ebből szociális hozzájárulási adó K2	23 ebből rehabilitációs hozzájárulás K2	24 ebből korkedvezmény biztosítási járulék K2 	25 ebből egészségügyi hozzájárulás K2 	26 ebből táppénz hozzájárulás K2 	28 ebből munkáltatót terhelő személyi jövedelemadó K2 	29 Szakmai anyagok beszerzése K311 	30 Üzemeltetési anyagok beszerzése K312 	33 Informatikai szolgáltatások igénybevétele K321 	34 Egyéb kommunikációs szolgáltatások K322 	36 Közüzemi díjak K331 	37 Vásárolt élelmezés K332 	38 Bérleti és lízing díjak 39 K333 	40 Karbantartási kisjavítási szolgáltatások K334 	42 ebből államháztartáson belül K335 	43 Szakmai tevékenységet segítő szolgáltatások K336 	44 Egyéb szolgáltatások K337 	46 Kiküldetések kiadásai K341 	47 Reklám és propagandakiadások K342 	49 Működési célú előzetesen felszámított általános forgalmi adó K351 	50 Fizetendő általános forgalmi adó K352 	51 Kamatkiadások 52 53 K353 	55 ebből valuta deviza eszközök realizált árfolyamvesztesége K354 	58 Egyéb dologi kiadások K355 	72 ebből óvodáztatási támogatás Gyvt 20 C K42 	73 ebből az egyéb pénzbeli és természetbeni gyermekvédelmi támogatások K42 	74 Pénzbeli kárpótlások kártérítések K43 	82 ebből helyi megállapítású közgyógyellátás Szoctv 50 3 bek K44 	91 ebből foglalkoztatást helyettesítő támogatás Szoctv 35 1 bek K45 	96 ebből lakásfenntartási támogatás Szoctv 38 1 bek a és b pontok K46 	97 ebből adósságcsökkentési támogatás Szoctv 55 A 1 bek b pont K46 	102 ebből oktatásban résztvevők pénzbeli juttatásai K47 	118 ebből rendszeres szociális segély Szoctv 37 1 bek a d pontok K48 	120 ebből egyéb az önkormányzat rendeletében megállapított juttatás K48 	122 ebből átmeneti segély Szoctv 47 1 bek c pont K48 	123 ebből köztemetés Szoctv 48 K48 	130 Elvonások és befizetések K502 	155 ebből központi költségvetési szervek K506 	163 ebből nemzetiségi önkormányzatok és költségvetési szerveik K506 	170 ebből egyéb civil szervezetek K508 	182 ebből egyházi jogi személyek K511 	184 ebből egyéb civil szervezetek K511 	185 ebből háztartások K511 	188 ebből önkormányzati többségi tulajdonú nem pénzügyi vállalkozások K511 	195 Immateriális javak beszerzése létesítése K61 	196 Ingatlanok beszerzése létesítése 197 K62 	198 Informatikai eszközök beszerzése létesítése K63 	199 Egyéb tárgyi eszközök beszerzése létesítése K64 	202 Beruházási célú előzetesen felszámított általános forgalmi adó K67 	204 Ingatlanok felújítása K71 	206 Egyéb tárgyi eszközök felújítása K73 	207 Felújítási célú előzetesen felszámított általános forgalmi adó K74 	222 ebből központi költségvetési szervek K83 	233 ebből központi költségvetési szervek K84 	239 ebből helyi önkormányzatok és költségvetési szerveik K84 	249 ebből háztartások K86 	259 ebből egyházi jogi személyek K88 	261 ebből egyéb civil szervezetek K88 	262 ebből háztartások K88 	265 ebből önkormányzati többségi tulajdonú nem pénzügyi vállalkozások K88 	273 ebből pénzügyi vállalkozás K9111 	293 Központi irányító szervi támogatások folyósítása K915 	311 Kapacitásmutató 1 68 2013 XII 29 NGM r 6 2 bek 	312 Kapacitásmutató 2 68 2013 XII 29 NGM r 6 2 bek 	313 Feladatmutató 68 2013 XII 29 NGM r 6 1 bek 
011130 Önkormányzatok és önkormányzati hivatalok jogalkotó és általános igazgatási tevékenysége	668793	111524	40148	1272	6795	4021	36969	0	4312	1123	1259	806	16353	51460	18751	44752	230833	10127	0	16827	1128	9851	9419	30622	81906	9969	29810	0	6112	39119	0	73459	273976	100	29038	119766	14348	0	1637	38651	0	0	0	0	0	0	0	0	0	0	0	0	0	2100	782	0	0	4552	0	0	4335	11305	4387	6711	7192	6901	0	1863	0	0	15000	0	10000	0	0	0	0	0	96	93	0
011140 Országos és helyi nemzetiségi önkormányzatok igazgatási tevékenysége	0	0	0	0	0	0	0	0	0	0	0	0	0	0	0	0	0	0	0	0	0	0	0	0	0	0	0	0	0	0	0	0	0	0	0	0	0	0	0	0	0	0	0	0	0	0	0	0	0	0	0	0	0	0	11000	0	0	0	0	0	0	0	0	0	0	0	0	0	0	0	0	0	0	0	0	0	0	0	0	0	0
013350 Az önkormányzati vagyonnal való gazdálkodással kapcsolatos feladatok	0	0	0	514	0	0	0	0	0	0	0	0	837	0	214	0	394	0	0	0	0	0	563	2434	3494	40	37435	0	4204	4	0	1948	704501	0	0	200687	15315	0	0	354472	0	0	0	0	0	0	0	0	0	0	0	0	0	0	0	0	0	0	14814	367293	0	138040	0	0	37270	60566	0	16353	0	1235	0	0	0	0	0	0	0	0	0	0	0
013360 Más szerv részére végzett pénzügyi-gazdálkodási, üzemeltetési, egyéb szolgáltatások	113874	16287	1697	1294	0	503	5329	3900	924	0	0	550	3358	0	229	215	38154	18156	0	865	215	912	140	4553	306	761	0	0	112	808	1513	0	17373	161	0	2666	8102	0	0	1857	0	0	0	0	0	0	0	0	0	0	0	0	13380	0	0	0	0	0	0	0	45	0	1195	3731	500	0	0	0	0	0	0	0	0	0	0	0	0	0	44	1	0
016010 Országgyűlési, önkormányzati és európai parlamenti képviselőválasztásokhoz kapcsolódó tevékenységek	0	0	19205	0	0	0	0	0	0	0	0	0	0	0	22489	4015	11428	0	0	1353	0	802	62	3268	0	0	0	0	9	0	0	0	7607	0	0	3340	0	0	0	0	0	0	0	0	0	0	0	0	0	0	0	0	0	0	0	0	0	0	0	0	0	0	0	246	66	0	0	0	0	0	0	0	0	0	0	0	0	0	0	0	0
016030 Állampolgársági ügyek	0	0	0	0	0	0	0	0	0	0	0	0	0	0	0	0	0	0	0	0	0	0	0	937	0	0	0	0	0	0	0	0	0	0	0	253	0	0	0	0	0	0	0	0	0	0	0	0	0	0	0	0	0	0	0	0	0	0	0	0	0	0	0	0	0	0	0	0	0	0	0	0	0	0	0	0	0	0	0	0	0
016080 Kiemelt állami és önkormányzati rendezvények	0	0	0	0	0	0	0	0	0	0	0	0	0	0	979	10097	247	0	0	0	0	0	180	14	0	0	0	0	2540	0	0	300	9067	0	36	5478	0	0	0	964	0	0	0	0	0	0	0	0	0	0	0	0	0	0	0	0	0	0	0	0	0	0	0	0	0	0	0	0	0	0	0	0	0	0	0	0	0	0	0	0	0
018010 Önkormányzatok elszámolásai a központi költségvetéssel	0	0	0	0	0	0	0	0	0	0	0	0	0	0	0	0	0	0	0	0	0	0	0	0	0	0	0	0	0	0	0	0	0	0	0	0	0	0	0	0	0	0	0	0	0	0	0	0	0	0	0	0	0	0	0	0	0	0	0	0	0	0	0	0	0	0	0	0	59880	0	0	0	0	0	0	0	0	0	0	0	0
018020 Központi költségvetési befizetések	0	0	0	0	0	0	0	0	0	0	0	0	0	0	0	0	0	0	0	0	0	0	0	0	0	0	0	0	0	0	0	0	0	0	0	0	0	0	0	2680	0	0	0	0	0	0	0	0	0	0	0	0	33877	0	0	0	0	0	0	0	0	0	0	0	0	0	0	0	0	0	0	0	0	0	0	0	0	0	0	0	0
018030 Támogatási célú finanszírozási műveletek	1126	0	0	0	0	0	0	0	0	0	0	0	0	0	0	0	0	0	0	0	0	0	0	0	0	0	0	0	0	0	0	0	7	0	0	0	0	0	0	0	0	0	0	0	0	0	0	0	0	0	0	0	115866	0	0	0	0	0	0	0	0	0	0	0	0	0	0	0	0	0	0	0	0	0	0	0	0	8742298	0	0	0
022010 Polgári honvédelem ágazati feladatai, a lakosság felkészítése	0	0	0	0	0	0	0	0	0	0	0	0	0	0	970	0	227	0	0	0	0	0	420	0	0	0	0	0	0	0	0	0	151	0	0	154	0	0	0	0	0	0	0	0	0	0	0	0	0	0	0	0	0	0	0	0	0	0	0	0	0	0	0	0	0	0	0	0	0	0	0	0	0	0	0	0	0	0	0	0	0
031030 Közterület rendjének fenntartása	85738	8239	0	6769	0	0	6026	0	770	916	0	0	2393	0	4355	45	29187	1374	0	936	19	1042	625	18923	2221	647	894	0	16026	1617	0	10045	52800	0	286	27197	0	0	0	6067	0	0	0	0	0	0	0	0	0	0	0	0	0	0	0	0	0	0	0	0	0	0	8999	27884	9472	0	0	0	0	0	0	0	0	0	0	0	0	0	34	1	0
031060 Bűnmegelőzés	0	0	1801	0	0	0	0	0	0	0	0	0	0	0	9200	0	2722	0	0	0	0	0	0	0	0	129	0	0	967	0	0	11636	1196	0	6700	4199	0	0	0	2422	0	0	0	0	0	0	0	0	0	0	0	0	0	25000	0	0	0	3750	0	125950	0	0	0	480	130	0	0	0	0	0	0	0	0	1750	0	66374	0	0	0	0	0
032010 Tűz- és katasztrófavédelem igazgatása	0	0	0	0	0	0	0	0	0	0	0	0	0	0	0	0	0	0	0	0	0	0	0	0	0	0	0	0	0	0	0	0	0	0	0	0	0	0	0	0	0	0	0	0	0	0	0	0	0	0	0	0	0	0	0	0	0	3750	0	0	0	0	0	0	0	0	0	0	0	0	0	0	0	1750	0	0	0	0	0	0	0
036020 Jogi segítségnyújtás, áldozatsegítés, kárenyhítés, kárpótlás	0	0	0	0	0	0	0	0	0	0	0	0	0	0	0	0	0	0	0	0	0	0	0	0	0	0	0	0	0	0	0	0	0	0	0	0	0	0	0	17547	0	0	0	0	0	0	0	0	0	0	0	0	0	0	0	0	0	0	0	0	0	0	0	0	0	0	0	0	0	0	0	0	0	0	0	0	0	0	0	0	0
041231 Rövid időtartamú közfoglalkoztatás	0	0	0	0	0	0	0	0	0	0	0	0	0	0	0	0	0	0	0	0	0	0	0	0	0	0	0	0	0	0	0	0	0	0	0	0	0	0	0	0	0	0	0	0	0	0	0	0	0	0	0	0	0	0	0	0	0	0	0	25000	0	0	0	0	0	0	0	0	0	0	0	0	0	0	0	0	0	0	0	0	0
041233 Hosszabb időtartamú közfoglalkoztatás	44964	0	0	0	0	0	0	0	0	0	0	0	724	0	0	0	6293	0	0	0	111	0	0	411	0	0	0	0	0	0	0	0	7	0	0	104	0	0	0	0	0	0	0	0	0	0	0	0	0	0	0	0	0	0	0	0	0	0	0	52123	0	0	584	0	158	0	0	0	0	0	0	0	0	0	0	0	0	0	0	0	0
041237 Közfoglalkoztatási mintaprogram	605	0	15	6	0	6	22	0	3	1	0	2	21	0	36	2	180	0	9	2	1	6	50	34	0	0	0	0	0	1	0	0	0	0	0	15	0	0	0	1	0	0	0	0	0	0	0	0	0	0	0	0	0	0	0	0	0	0	0	0	0	0	0	0	0	3	0	1	0	0	0	0	0	0	0	0	0	0	0	1	0
042180 Állat-egészségügy	0	0	0	0	0	0	0	0	0	0	0	0	0	0	105	0	25	0	0	0	0	0	0	0	0	0	0	0	0	0	0	0	719	0	0	194	0	0	0	0	0	0	0	0	0	0	0	0	0	0	0	0	0	0	0	0	0	0	0	0	0	0	0	0	0	0	0	0	0	0	0	0	0	0	0	0	0	0	0	0	0
045120 Út, autópálya építése	0	0	0	0	0	0	0	0	0	0	0	0	0	0	0	0	0	0	0	0	0	0	0	0	0	0	0	0	0	0	0	1723	288989	0	0	78385	9914	0	0	0	0	0	0	0	0	0	0	0	0	0	0	0	0	0	0	0	0	0	0	0	0	125408	0	0	23055	0	0	0	0	0	0	0	0	0	0	0	0	0	0	0	0
045160 Közutak, hidak, alagutak üzemeltetése, fenntartása	0	0	0	0	0	0	0	0	0	0	0	0	0	0	0	0	0	0	0	0	0	0	0	0	0	0	0	0	0	0	0	0	16200	0	0	4374	0	0	0	0	0	0	0	0	0	0	0	0	0	0	0	0	0	0	0	0	0	0	0	0	0	0	0	0	0	0	0	0	0	0	0	0	0	0	0	0	0	0	0	0	0
046040 Hírügynökségi, információs szolgáltatás	0	0	0	0	0	0	0	0	0	0	0	0	0	0	0	0	0	0	0	0	0	0	0	0	0	0	0	0	0	0	0	0	0	0	2010	543	0	0	0	0	0	0	0	0	0	0	0	0	0	0	0	0	0	0	0	0	0	0	0	0	0	0	0	0	0	0	0	0	0	0	0	0	0	0	0	0	0	0	0	0	0
061030 Lakáshoz jutást segítő támogatások	0	0	0	0	0	0	0	0	0	0	0	0	0	0	0	0	0	0	0	0	0	0	0	0	0	0	0	0	0	0	0	0	0	0	0	0	0	0	0	0	0	0	0	0	0	0	0	0	0	0	0	0	0	0	0	0	0	0	0	0	0	0	0	0	0	0	0	0	0	0	0	3200	0	0	2831	0	0	0	0	0	0
064010 Közvilágítás	0	0	0	0	0	0	0	0	0	0	0	0	0	0	0	0	0	0	0	0	0	0	0	0	0	0	0	0	0	0	0	0	0	0	0	0	3370	0	0	0	0	0	0	0	0	0	0	0	0	0	0	0	0	0	0	0	0	0	0	0	0	48929	0	0	9841	0	0	0	0	0	0	0	0	0	0	0	0	0	0	0	0
066010 Zöldterület-kezelés	0	0	0	0	0	0	0	0	0	0	0	0	0	0	0	0	0	0	0	0	0	0	0	0	0	0	0	0	0	0	0	0	549030	0	0	148238	504	0	0	0	0	0	0	0	0	0	0	0	0	0	0	0	0	0	0	0	0	0	0	0	0	14992	0	250	3611	0	0	0	0	0	0	0	0	0	0	0	0	0	0	0	0
066020 Város-, községgazdálkodási egyéb szolgáltatások	0	0	0	0	0	0	0	0	0	0	0	0	0	0	2670	0	649	0	0	0	0	0	0	8705	0	0	0	0	0	0	0	34696	156127	0	0	53189	42215	0	0	0	0	0	0	0	0	0	0	0	0	0	0	0	0	0	0	0	0	3500	0	183647	0	224508	0	0	11299	165590	0	44709	0	0	0	0	0	0	0	0	0	0	0	0	0
072111 Háziorvosi alapellátás	13365	5	340	138	0	122	474	0	78	13	0	48	466	0	806	38	3980	0	197	43	24	134	1105	131	1163	1842	14854	0	53	1009	0	390	5588	0	0	5933	10	0	0	594	0	0	0	0	0	0	0	0	0	0	0	0	0	0	0	0	0	0	0	0	0	0	0	0	0	73	0	20	0	0	0	0	0	0	0	0	0	0	0	12	0
072112 Háziorvosi ügyeleti ellátás	0	0	0	0	0	0	0	0	0	0	0	0	0	0	0	0	0	0	0	0	0	0	0	0	0	67	267	0	1	2	0	72138	109	0	0	452	0	0	0	0	0	0	0	0	0	0	0	0	0	0	0	0	0	0	0	0	0	0	0	0	0	0	0	0	0	0	0	0	0	0	0	0	0	0	0	0	0	0	0	0	0
072210 Járóbetegek gyógyító szakellátása	545106	24955	8611	4979	0	19121	22916	0	3236	1082	0	2784	16990	0	37896	1130	173235	14949	6413	2906	925	5450	82022	8502	16503	4421	38243	0	1055	10058	0	37468	33336	28	0	42001	2193	3	0	13720	0	0	0	0	0	0	0	0	0	0	0	0	0	0	0	0	0	0	0	0	0	0	1959	18735	5587	6148	2800	2416	0	0	0	0	0	0	0	0	0	0	151	42	0
072230 Járóbetegek gyógyító gondozása	31810	12	811	328	0	291	1127	0	186	31	0	115	1108	0	1918	90	9473	0	467	103	58	318	2631	89	521	32	1076	0	0	38	0	13	1120	0	0	1532	24	0	0	40	0	0	0	0	0	0	0	0	0	0	0	0	0	0	0	0	0	0	0	0	0	0	0	0	0	173	0	47	0	0	0	0	0	0	0	0	0	0	13	0	0
072311 Fogorvosi alapellátás	181	0	5	2	0	2	6	0	1	0	0	1	6	0	10	1	54	0	3	1	0	2	15	14	0	69	3478	0	0	37	0	0	2710	0	0	1558	0	0	0	23	0	0	0	0	0	0	0	0	0	0	0	0	0	0	0	0	0	0	0	0	0	0	0	0	0	1	0	0	0	0	0	0	0	0	0	0	0	0	0	0	0
072313 Fogorvosi szakellátás	26065	10	664	269	0	239	923	0	152	25	0	94	908	0	1571	74	7762	0	383	84	47	261	2343	100	494	161	612	0	81	477	0	36	2204	0	0	816	19	0	0	46	0	0	0	0	0	0	0	0	0	0	0	0	0	0	0	0	0	0	0	0	0	0	0	57	15	142	0	38	0	0	0	0	0	0	0	0	0	0	12	1	0
072410 Otthoni (egészségügyi) szakápolás	1512	1	39	15	0	14	54	0	9	1	0	5	53	0	91	4	450	0	22	5	3	15	125	5	71	39	79	0	0	26	0	3797	66	0	0	113	1	0	0	92	0	0	0	0	0	0	0	0	0	0	0	0	0	0	0	0	0	0	0	0	0	0	0	2	1	8	0	2	0	0	0	0	0	0	0	0	0	0	1	0	0
072420 Egészségügyi laboratóriumi szolgáltatások	56484	21	1439	583	0	517	2000	0	330	114	0	204	1968	0	3405	161	16820	0	830	182	103	565	4760	895	2704	35	2696	0	0	752	0	26173	3034	0	0	3026	42	0	0	70	0	0	0	0	0	0	0	0	0	0	0	0	0	0	0	0	0	0	0	0	0	0	0	1071	289	307	0	83	0	0	0	0	0	0	0	0	0	0	17	0	0
072430 Képalkotó diagnosztikai szolgáltatások	35136	14	895	363	0	322	1244	0	206	124	0	126	1224	0	2118	100	10463	0	516	113	64	352	3133	241	4316	83	3608	0	0	5582	0	14680	3086	0	0	4643	26	0	0	43	0	0	0	0	0	0	0	0	0	0	0	0	0	0	0	0	0	0	0	0	0	0	780	12028	3458	191	565	204	0	0	0	0	0	0	0	0	0	0	18	0	0
074011 Foglalkozás-egészségügyi alapellátás	5745	2	147	59	0	53	203	0	34	5	0	21	200	0	347	16	1711	0	84	19	10	57	653	27	299	14	574	0	0	8	0	16	533	0	0	496	4	0	0	298	0	0	0	0	0	0	0	0	0	0	0	0	0	0	0	0	0	0	0	0	0	0	0	14	4	31	0	8	0	0	0	0	0	0	0	0	0	0	3	0	0
074031 Család és nővédelmi egészségügyi gondozás	84661	32	2160	875	0	777	3002	0	496	81	0	306	2954	0	5111	241	25248	0	1246	274	155	848	7012	847	1321	1394	3402	0	64	438	0	1	2344	0	0	3858	63	0	0	4451	0	0	0	0	0	0	0	0	0	0	0	0	0	0	0	0	0	0	0	0	0	0	0	1319	356	643	0	174	0	0	0	0	0	0	0	0	0	0	44	1	0
074032 Ifjúság-egészségügyi gondozás	11128	4	284	115	0	101	394	0	65	11	0	40	388	0	671	32	3314	0	164	36	20	111	920	31	0	0	0	0	0	11	0	5865	55	0	0	205	8	0	0	375	0	0	0	0	0	0	0	0	0	0	0	0	0	0	0	0	0	0	0	0	0	0	0	0	0	60	0	16	0	0	0	0	0	0	0	0	0	0	0	0	0
081022 Sportteljesítmények elismerése, járadékok, ösztöndíjak	0	0	0	0	0	0	0	0	0	0	0	0	0	0	0	1680	0	0	0	0	0	0	0	0	0	0	0	0	0	0	0	0	0	0	0	0	0	0	0	0	0	0	0	0	0	0	0	0	0	0	0	0	0	0	0	0	0	0	0	0	0	0	0	0	0	0	0	0	0	0	0	0	0	0	0	0	0	0	0	0	0
081030 Sportlétesítmények, edzőtáborok működtetése és fejlesztése	0	0	0	0	0	0	0	0	0	0	0	0	0	0	0	0	0	0	0	0	0	0	0	0	0	0	0	0	0	0	0	0	2000	0	234	603	0	0	0	0	0	0	0	0	0	0	0	0	0	0	0	0	0	0	0	0	0	0	0	92894	0	41981	0	1181	11654	51346	0	13864	0	0	0	0	0	335170	0	0	0	0	0	0	0
081043 Iskolai, diáksport-tevékenység és támogatása	0	0	0	0	0	0	0	0	0	0	0	0	0	0	0	0	0	0	0	0	0	0	0	0	0	0	0	0	0	0	0	15292	4488	0	0	5340	0	0	0	0	0	0	0	0	0	0	0	0	0	0	0	0	0	0	0	0	0	0	0	0	0	0	0	0	0	0	0	0	0	0	0	0	0	0	0	0	0	0	0	0	0
081045 Szabadidősport- (rekreációs sport-) tevékenység és támogatása	0	0	0	0	0	0	0	0	0	0	0	0	0	0	0	1288	0	0	0	0	0	0	63	202	0	0	0	0	0	0	0	40180	120	0	0	11073	0	0	0	0	0	0	0	0	0	0	0	0	0	0	0	0	0	0	0	0	0	0	0	0	0	0	0	0	0	0	0	0	0	0	0	0	0	0	0	0	0	0	0	0	0
081071 Üdülői szálláshely-szolgáltatás és étkeztetés	9316	1001	0	0	0	0	2101	0	28	0	0	0	176	0	5670	0	3866	0	0	442	0	398	44	9430	120	194	3570	0	0	3617	0	89	5815	0	0	5690	1938	0	0	252	0	0	0	0	0	0	0	0	0	0	0	0	348	0	0	0	0	0	0	0	0	0	0	0	0	0	0	0	0	0	0	0	0	0	0	0	0	0	5	1	0
082030 Művészeti tevékenységek (kivéve: színház)	419	0	0	4	0	0	13	0	0	0	0	0	31	0	294	63	194	0	0	22	0	14	0	0	33	0	-212	0	0	0	0	0	322	0	0	-48	0	0	0	0	0	0	0	0	0	0	0	0	0	0	0	0	0	0	0	0	0	0	0	160996	0	0	0	0	0	0	0	0	0	0	0	0	0	0	0	0	0	0	0	0	0
082092 Közművelődés - hagyományos közösségi kulturális értékek gondozása	0	0	479	0	0	0	0	0	0	0	0	0	0	0	2276	250	130	0	0	0	0	0	530	0	0	0	0	0	0	0	0	32328	299	0	0	8996	0	0	0	0	0	0	0	0	0	0	0	0	0	0	0	0	0	0	0	0	0	0	0	149448	0	0	0	11397	3077	0	0	0	0	0	0	0	0	0	0	6580	0	0	0	0	0
083030 Egyéb kiadói tevékenység	0	0	0	0	0	0	0	0	0	0	0	0	0	0	0	0	0	0	0	0	0	0	0	0	0	0	0	0	0	0	0	145731	0	0	2036	39897	0	0	0	0	0	0	0	0	0	0	0	0	0	0	0	0	0	0	0	0	0	0	0	0	0	0	0	0	0	0	0	0	0	0	0	0	0	0	0	0	0	0	0	0	0
084031 Civil szervezetek működési támogatása	0	0	0	0	0	0	0	0	0	0	0	0	0	0	0	0	0	0	0	0	0	0	0	0	0	0	0	0	0	0	0	0	0	0	0	0	0	0	0	0	0	0	0	0	0	0	0	0	0	0	0	0	0	0	0	0	0	30324	0	0	0	0	0	0	0	0	0	0	0	0	0	0	0	3716	0	0	0	0	0	0	0
084032 Civil szervezetek programtámogatása	0	0	0	0	0	0	0	0	0	0	0	0	0	0	0	0	0	0	0	0	0	0	0	0	0	0	0	0	0	0	0	0	0	0	0	0	0	0	0	0	0	0	0	0	0	0	0	0	0	0	0	0	0	0	0	12000	0	12000	0	0	0	0	0	0	0	0	0	0	0	0	0	0	0	7874	0	0	0	0	0	0	0
084040 Egyházak közösségi és hitéleti tevékenységének támogatása	0	0	0	0	0	0	0	0	0	0	0	0	0	0	0	0	0	0	0	0	0	0	0	0	0	0	0	0	0	0	0	0	0	0	0	0	0	0	0	0	0	0	0	0	0	0	0	0	0	0	0	0	0	0	0	0	10000	0	0	0	0	0	0	0	0	0	0	0	0	0	0	0	26350	0	0	0	0	0	0	0	0
086030 Nemzetközi kulturális együttműködés	0	0	0	0	0	0	0	0	0	0	0	0	0	0	0	3182	0	0	0	0	0	0	55	108	0	0	0	0	0	0	0	0	989	48	0	712	0	0	0	33	0	0	0	0	0	0	0	0	0	0	0	0	0	0	0	0	0	0	0	0	0	0	0	0	0	0	0	0	0	0	0	0	0	0	0	0	0	0	0	0	0
086090 Mindenféle egyéb szabadidős szolgáltatás	0	0	0	0	0	0	178	0	0	0	0	0	0	0	420	0	102	0	0	40	0	34	0	0	0	0	0	0	0	0	0	327	0	0	0	0	0	0	0	0	0	0	0	0	0	0	0	0	0	0	0	0	0	0	0	0	0	0	0	0	0	0	0	0	0	0	0	0	0	0	0	0	0	0	0	0	0	0	0	0	0
091110 Óvodai nevelés, ellátás szakmai feladatai	825483	87061	-20	1432	0	25798	35762	0	3927	0	0	990	39377	0	99	24101	299809	0	0	6687	1534	7296	28753	69	0	0	0	0	0	0	0	148	148	1000	0	7206	0	0	0	2749	0	0	0	0	0	0	0	0	0	0	0	0	12272	0	0	0	0	0	0	0	0	1671	19	137	491	0	0	0	0	0	0	0	0	0	0	0	0	0	327	0	3450
091120 Sajátos nevelési igényű gyermekek óvodai nevelésének, ellátásának szakmai feladatai	15402	1867	0	170	0	1492	910	0	438	0	0	49	1546	0	0	889	5419	0	0	204	90	201	0	14	0	31	-12	0	0	0	0	0	0	0	0	12	0	0	0	0	0	0	0	0	0	0	0	0	0	0	0	0	0	0	0	0	0	0	0	0	0	0	0	0	0	0	0	0	0	0	0	0	0	0	0	0	0	0	3	0	13
091130 Nemzetiségi óvodai nevelés, ellátás szakmai feladatai	17365	1745	0	0	0	0	709	0	20	0	0	0	353	0	0	0	5082	0	0	116	0	132	0	0	0	0	0	0	0	0	0	0	0	0	0	0	0	0	0	0	0	0	0	0	0	0	0	0	0	0	0	0	0	0	0	0	0	0	0	0	0	0	0	0	0	0	0	0	0	0	0	0	0	0	0	0	0	0	2	0	95
091140 Óvodai nevelés, ellátás működtetési feladatai	541577	36315	6417	2080	236	1556	31916	0	2887	0	0	3615	35293	0	0	1882	124462	18804	0	5244	327	5826	12308	48921	2115	3022	126841	0	447	31801	23522	5102	18825	0	734	57415	108409	0	0	5741	0	0	0	0	0	0	0	0	0	0	0	0	0	0	0	0	0	0	0	0	155	452297	1899	17848	19814	42648	0	11515	0	0	0	0	0	0	0	0	0	0	0	266	0
091220 Köznevelési intézmény 1-4. évfolyamán tanulók nevelésével, oktatásával összefüggő működtetési feladatok	178906	17286	0	2097	0	1691	14184	0	1746	0	0	1284	14479	0	230	1848	51495	0	0	2525	1027	2559	-108	16572	2628	3012	142854	0	653	27472	1155	2284	9522	0	0	45771	0	0	0	2604	0	0	0	0	0	0	0	0	0	0	0	0	0	0	0	0	0	0	0	0	0	6845	163	1561	2313	22312	0	6025	0	0	0	0	0	0	0	0	0	0	9	84	0
091250 Alapfokú művészetoktatással összefüggő működtetési feladatok	28523	1881	0	256	0	0	1703	0	811	0	0	145	1572	0	2368	919	8671	0	0	361	152	365	291	1888	74	461	19090	0	29	543	104	0	772	0	0	6223	0	0	0	215	0	0	0	0	0	0	0	0	0	0	0	0	0	0	0	0	0	0	0	0	0	0	0	37	10	0	0	0	0	0	0	0	0	0	0	0	0	0	6	19	0
092120 Köznevelési intézmény 5-8. évfolyamán tanulók nevelésével, oktatásával összefüggő működtetési feladatok	85124	5964	0	1911	0	619	6810	0	1270	0	0	750	5184	0	20	598	25425	0	0	1100	112	1224	1209	15139	2043	2364	135625	0	772	27413	97	2259	6827	0	0	42742	0	0	0	444	0	0	0	0	0	0	0	0	0	0	0	0	0	0	0	0	0	0	0	0	0	6845	191	1468	2296	22312	0	6024	0	0	0	0	0	0	0	0	0	0	9	84	0
092260 Gimnázium és szakképző iskola tanulóinak közismereti és szakmai elméleti oktatásával összefüggő működtetési feladatok	51889	3757	0	502	0	633	4018	0	269	0	0	324	2568	0	0	502	14526	0	0	774	178	746	374	5504	380	1809	54152	0	134	16058	77	686	4578	0	0	20987	0	0	0	783	0	0	0	0	0	0	0	0	0	0	0	0	0	0	0	0	0	0	0	0	0	0	188	50	64	12163	0	3284	0	0	0	0	0	0	0	0	0	0	4	24	0
092270 Szakképző iskolai tanulók szakmai gyakorlati oktatásával összefüggő működtetési feladatok	156	0	0	0	0	0	0	0	0	0	0	0	0	0	0	0	0	0	0	0	0	0	94	1478	506	496	11799	0	12	281	290	0	902	0	0	2488	0	0	0	185	0	0	0	0	0	0	0	0	0	0	0	0	0	0	0	0	0	0	0	0	0	0	0	237	64	0	0	0	0	0	0	0	0	0	0	0	0	0	0	0	0
094260 Hallgatói és oktatói ösztöndíjak, egyéb juttatások	0	0	0	0	0	0	0	0	0	0	0	0	0	0	0	0	0	0	0	0	0	0	0	0	0	0	0	0	0	0	0	0	0	0	0	0	0	0	0	0	0	0	0	0	0	0	0	260	0	0	0	0	0	7721	0	0	0	0	0	0	0	0	0	0	0	0	0	0	0	0	0	0	0	0	0	0	0	0	0	0	0
096010 Óvodai intézményi étkeztetés	31938	2804	20	50	0	0	2707	0	337	0	0	593	3302	0	102	0	9868	0	0	406	21	501	0	3030	0	0	0	312769	0	230	0	0	249	0	0	85367	0	0	0	0	0	0	0	0	0	0	0	0	0	0	0	0	0	0	0	0	0	0	0	0	0	0	0	531	143	0	0	0	0	0	0	0	0	0	0	0	0	0	0	23	0
096020 Iskolai intézményi étkeztetés	72219	6757	0	1028	0	469	6404	0	356	0	0	677	5972	0	0	2491	22572	0	0	1033	123	1265	0	6572	0	13	30	586536	0	87	0	0	294	0	0	160245	0	0	0	560	0	0	0	0	0	0	0	0	0	0	0	0	0	0	0	0	0	0	0	0	0	0	0	772	208	0	0	0	0	0	0	0	0	0	0	0	0	0	0	61	0
096030 Köznevelési intézményben tanulók lakhatásának biztosítása	0	0	0	0	0	0	0	0	0	0	0	0	0	0	0	0	0	0	0	0	0	0	0	10596	24	0	1399	0	21	2	0	0	23	0	0	3040	0	0	0	0	0	0	0	0	0	0	0	0	0	0	0	0	0	0	0	0	0	0	0	0	0	0	0	3	1	0	0	0	0	0	0	0	0	0	0	0	0	0	1	13	0
098022 Pedagógiai szakszolgáltató tevékenység működtetési feladatai	9680	576	0	0	0	0	816	0	221	0	0	60	359	0	0	0	2682	0	0	149	0	151	0	564	103	407	3553	0	10	275	22	0	212	0	0	1318	0	0	0	460	0	0	0	0	0	0	0	0	0	0	0	0	0	0	0	0	0	0	0	0	0	0	434	101	144	0	0	0	0	0	0	0	0	0	0	0	0	0	4	2	0
098032 Pedagógiai szakmai szolgáltatások működtetési feladatai	0	0	0	0	0	0	0	0	0	0	0	0	0	0	0	0	0	0	0	0	0	0	0	47	0	55	0	0	0	0	0	0	0	0	0	28	0	0	0	0	0	0	0	0	0	0	0	0	0	0	0	0	0	0	0	0	0	0	0	0	0	0	140	0	38	0	0	0	0	0	0	0	0	0	0	0	0	0	0	0	0
101145 Szenvedélybetegek alacsonyküszöbű ellátása	0	0	0	0	0	0	0	0	0	0	0	0	0	0	0	0	0	0	0	0	0	0	0	0	0	0	0	0	0	0	0	0	0	0	0	0	0	0	0	0	0	0	0	0	0	0	0	0	0	0	0	0	0	0	0	0	0	2000	0	0	0	0	0	0	0	0	0	0	0	0	0	0	0	0	0	0	0	0	0	0	3884
101150 Betegséggel kapcsolatos pénzbeli ellátások, támogatások	0	0	0	0	0	0	0	0	0	0	0	0	0	0	0	0	0	0	0	0	0	0	0	0	0	0	0	0	0	0	0	0	0	0	0	0	0	0	0	0	0	0	0	49532	0	0	0	0	0	0	0	0	0	0	0	0	0	0	0	0	0	0	0	0	0	0	0	0	0	0	0	0	0	0	0	0	0	0	0	0	0
101221 Fogyatékossággal élők nappali ellátása	14144	1105	0	0	0	372	774	0	178	0	0	102	821	0	588	0	4616	0	0	132	145	143	133	767	145	89	1408	0	48	1965	0	629	256	0	0	1298	0	0	0	1012	0	0	0	0	0	0	0	0	0	0	0	0	0	0	0	0	0	0	0	0	0	0	41	6172	1678	0	0	0	0	0	0	0	0	0	0	0	0	0	6	2	88
102030 Idősek, demens betegek nappali ellátása	32867	3445	0	0	0	697	2353	0	15	0	0	265	3945	0	3698	899	11692	0	0	404	40	444	354	2180	134	193	7519	13	0	13847	0	1161	1019	0	0	6926	0	0	0	622	0	0	0	0	0	0	0	0	0	0	0	0	0	0	0	0	0	0	0	0	0	0	280	374	177	0	0	0	0	0	0	0	0	0	0	0	0	0	13	9	300
102050 Az időskorúak társadalmi integrációját célzó programok	0	0	0	0	0	0	0	0	0	0	0	0	0	0	0	0	0	0	0	0	0	0	0	0	0	0	0	0	2835	0	0	41831	0	399	0	11259	0	0	0	0	0	0	0	0	0	0	0	0	0	0	0	0	0	0	0	0	0	0	0	0	0	0	0	0	0	0	0	0	0	0	0	0	0	0	0	0	0	0	0	0	0
104012 Gyermekek átmeneti ellátása	0	0	0	0	0	0	0	0	0	0	0	0	0	0	0	0	0	0	0	0	0	0	0	0	0	0	0	0	0	0	0	0	0	0	0	0	0	0	0	0	0	0	0	0	0	0	0	0	0	0	0	0	0	0	0	0	0	11500	0	0	0	0	0	0	0	0	0	0	0	0	0	0	0	0	0	0	0	0	0	0	0
104030 Gyermekek napközbeni ellátása	490315	35327	0	529	1013	3794	41225	0	4659	0	0	3195	28330	0	3246	5190	145509	14950	0	7061	1498	7663	1903	96049	3180	786	67862	0	0	31364	10084	7126	9462	0	525	49212	11587	0	0	2384	0	0	0	0	0	0	0	0	0	0	0	0	8488	0	0	0	0	0	0	0	0	27888	567	7493	9706	14891	0	4020	0	0	0	0	0	0	0	0	0	0	191	118	2537
104042 Gyermekjóléti szolgáltatások	49431	5171	0	0	0	0	2264	0	44	0	0	165	4920	0	134	60	16803	0	0	447	195	498	510	2137	172	691	0	7	37	2090	0	173	976	0	0	2388	0	0	0	3269	0	0	0	0	0	0	0	0	0	0	0	0	0	0	0	0	0	0	0	0	0	0	0	259	70	0	0	0	0	0	0	0	0	0	0	0	0	0	27	1	0
104051 Gyermekvédelmi pénzbeli és természetbeni ellátások	0	0	0	0	0	0	0	0	0	0	0	0	0	0	0	0	0	0	0	0	0	0	0	0	0	0	0	0	0	0	0	0	0	0	0	0	0	0	0	0	160	16449	0	0	0	0	0	0	0	0	0	0	0	0	0	0	0	0	0	0	0	0	0	0	0	0	0	0	0	0	0	0	0	0	0	0	0	0	0	0	0
105010 Munkanélküli aktív korúak ellátásai	0	0	0	0	0	0	0	0	0	0	0	0	0	0	0	0	0	0	0	0	0	0	0	0	0	0	0	0	0	0	0	0	0	0	0	0	0	0	0	0	0	0	0	0	182921	0	0	0	79756	0	0	0	0	0	0	0	0	0	0	0	0	0	0	0	0	0	0	0	0	0	0	0	0	0	0	0	0	0	0	0	0
106020 Lakásfenntartással, lakhatással összefüggő ellátások	0	0	0	0	0	0	0	0	0	0	0	0	0	0	0	0	0	0	0	0	0	0	0	0	0	0	0	0	0	0	0	0	0	0	0	0	0	0	0	0	0	0	0	0	0	35798	19434	0	0	0	0	0	0	0	0	0	0	0	0	0	0	0	0	0	0	0	0	0	0	0	0	0	0	0	0	0	0	0	0	0	0
107015 Hajléktalanok nappali ellátása	0	0	0	0	0	0	0	0	0	0	0	0	0	0	0	0	0	0	0	0	0	0	0	0	0	0	0	0	0	0	0	0	0	0	0	0	0	0	0	0	0	0	0	0	0	0	0	0	0	0	0	0	0	0	0	0	0	6000	0	0	0	0	0	0	0	0	0	0	0	0	0	0	0	0	0	0	0	0	0	0	150
107030 Szociális foglalkoztatás	9948	670	0	0	0	0	406	0	195	0	0	30	335	0	0	11086	2480	0	0	65	9	75	272	563	51	40	0	0	0	24	0	165	66	0	0	257	0	0	0	0	0	0	0	0	0	0	0	0	0	0	0	0	0	0	0	0	0	0	0	0	0	0	0	67	18	0	0	0	0	0	0	0	0	0	0	0	0	0	4	0	35
107051 Szociális étkeztetés	17072	1900	0	0	0	0	1366	0	184	0	0	265	515	0	819	0	5540	0	0	222	19	252	0	358	0	40	583	204541	0	107	0	41	5364	0	0	56993	0	0	0	122	0	0	0	0	0	0	0	0	0	0	0	0	0	0	0	0	0	0	0	0	0	0	76	0	21	0	0	0	0	0	0	0	0	0	0	0	0	0	0	12	850
107052 Házi segítségnyújtás	77344	8650	0	0	0	482	5077	0	1069	0	0	278	5799	0	32867	1141	32189	4244	0	952	39	942	326	2635	2555	1522	1204	1510	9	1115	0	3405	1996	0	202	4425	0	0	0	4766	0	0	0	0	0	0	0	0	0	0	0	0	1781	0	0	0	0	0	0	0	0	0	298	836	306	0	0	0	0	0	0	0	0	0	0	0	0	0	36	7	298
107053 Jelzőrendszeres házi segítségnyújtás	0	0	0	0	0	0	16	0	0	0	0	0	5220	0	0	0	1409	0	0	5	0	3	2	28	0	50	0	0	0	85	2960	0	342	0	0	67	0	0	0	0	0	0	0	0	0	0	0	0	0	0	0	0	0	0	0	0	0	0	0	0	0	0	0	1050	283	0	0	0	0	0	0	0	0	0	0	0	0	0	0	0	396
107054 Családsegítés	49966	7578	0	0	0	1443	3478	0	291	0	0	618	7166	0	49	763	17221	2580	0	576	264	575	100	2409	278	690	4898	13	0	2282	0	1121	890	0	0	2677	5	0	0	2767	0	0	0	0	0	0	0	0	0	0	0	0	290	0	0	0	0	0	0	0	0	0	24	429	122	0	0	0	0	0	0	0	0	0	0	0	0	0	23	3	7298
107060 Egyéb szociális pénzbeli és természetbeni ellátások, támogatások	0	0	0	0	0	0	0	0	0	0	0	0	0	0	0	0	0	0	0	0	0	0	0	0	0	0	0	0	0	0	0	0	0	0	0	0	0	0	0	0	0	0	34	0	0	0	0	0	0	64873	69879	8465	0	0	0	0	0	0	0	0	0	0	0	0	0	0	0	0	0	0	0	0	0	0	0	0	0	0	0	0	0
900060 Forgatási és befektetési célú finanszírozási műveletek	0	0	0	0	0	0	0	0	0	0	0	0	0	0	0	0	0	0	0	0	0	0	0	0	0	0	0	0	0	0	0	0	0	0	0	0	0	11479	0	886	0	0	0	0	0	0	0	0	0	0	0	0	0	0	0	0	0	0	0	0	0	0	0	0	0	0	0	0	0	0	0	0	0	0	0	0	10318	0	0	0	0
900080 Szabad kapacitás terhére végzett, nem haszonszerzési célú tevékenységek kiadásai és bevételei	4382	143	0	0	0	0	123	0	9	0	0	0	66	0	0	0	521	0	0	24	0	23	0	18821	0	0	0	35865	0	0	0	0	0	0	0	14734	0	0	0	0	0	0	0	0	0	0	0	0	0	0	0	0	0	0	0	0	0	0	0	0	0	0	0	0	0	0	0	0	0	0	0	0	0	0	0	0	0	0	0	0	0
